what,kind,bundleId,bundleVersion,description,time
executed,command,org.eclipse.ui,3.5.0.I20090604-2000,"org.eclipse.ui.edit.copy",1276735466484
executed,command,org.eclipse.ui,3.5.0.I20090604-2000,"org.eclipse.ui.edit.undo",1276735467281
executed,command,org.eclipse.ui,3.5.0.I20090604-2000,"org.eclipse.ui.edit.undo",1276735467453
executed,command,org.eclipse.ui,3.5.0.I20090604-2000,"org.eclipse.ui.edit.undo",1276735467640
executed,command,org.eclipse.ui,3.5.0.I20090604-2000,"org.eclipse.ui.edit.undo",1276735467781
executed,command,org.eclipse.ui,3.5.0.I20090604-2000,"org.eclipse.ui.edit.undo",1276735468000
executed,command,org.eclipse.ui,3.5.0.I20090604-2000,"org.eclipse.ui.edit.undo",1276735468218
executed,command,org.eclipse.ui,3.5.0.I20090604-2000,"org.eclipse.ui.edit.undo",1276735468421
executed,command,org.eclipse.ui,3.5.0.I20090604-2000,"org.eclipse.ui.edit.undo",1276735468609
executed,command,org.eclipse.ui,3.5.0.I20090604-2000,"org.eclipse.ui.edit.undo",1276735469093
executed,command,org.eclipse.ui,3.5.0.I20090604-2000,"org.eclipse.ui.edit.undo",1276735469140
executed,command,org.eclipse.ui,3.5.0.I20090604-2000,"org.eclipse.ui.edit.undo",1276735469171
executed,command,org.eclipse.ui,3.5.0.I20090604-2000,"org.eclipse.ui.edit.undo",1276735469187
executed,command,org.eclipse.ui,3.5.0.I20090604-2000,"org.eclipse.ui.edit.undo",1276735469234
executed,command,org.eclipse.ui,3.5.0.I20090604-2000,"org.eclipse.ui.edit.undo",1276735469281
executed,command,org.eclipse.ui,3.5.0.I20090604-2000,"org.eclipse.ui.edit.undo",1276735469296
executed,command,org.eclipse.ui,3.5.0.I20090604-2000,"org.eclipse.ui.edit.undo",1276735469328
executed,command,org.eclipse.ui,3.5.0.I20090604-2000,"org.eclipse.ui.edit.undo",1276735469359
executed,command,org.eclipse.ui,3.5.0.I20090604-2000,"org.eclipse.ui.edit.undo",1276735469390
executed,command,org.eclipse.ui,3.5.0.I20090604-2000,"org.eclipse.ui.edit.undo",1276735469421
executed,command,org.eclipse.ui,3.5.0.I20090604-2000,"org.eclipse.ui.edit.undo",1276735469468
executed,command,org.eclipse.ui,3.5.0.I20090604-2000,"org.eclipse.ui.edit.undo",1276735469500
executed,command,org.eclipse.ui,3.5.0.I20090604-2000,"org.eclipse.ui.edit.undo",1276735469531
executed,command,org.eclipse.ui,3.5.0.I20090604-2000,"org.eclipse.ui.edit.undo",1276735469562
executed,command,org.eclipse.ui,3.5.0.I20090604-2000,"org.eclipse.ui.edit.undo",1276735469593
